{"parameters": {"simulations": 200, "jobs": 20000, "mu": 0.95, "system_type": "MM1", "desc": "Simulation with multiple values for the load(rho)"}, "xdata": [0.8, 0.8200000000000001, 0.8400000000000001, 0.8600000000000001, 0.8800000000000001, 0.9000000000000001, 0.9200000000000002, 0.9400000000000002, 0.9600000000000002, 0.9800000000000002], "ydata": {"FIFO": [[5.294744729447147, 0.35840447072010956, [5.245073316783644, 5.344416142110649], 0], [5.794791888214426, 0.4349869724575239, [5.734506877347308, 5.855076899081543], 0], [6.528379048207525, 0.5448646591041826, [6.452866046726978, 6.603892049688072], 0], [7.46748171009274, 0.7079919507253046, [7.369360834880841, 7.56560258530464], 0], [8.744047970147866, 0.9638001980765284, [8.610474532105542, 8.87762140819019], 0], [10.541437590536265, 1.4954638468984058, [10.334180684076948, 10.748694496995583], 0], [12.877237303656749, 1.9965686933586835, [12.600532084886485, 13.153942522427013], 0], [16.994947894479395, 3.559942753850565, [16.50157406677665, 17.48832172218214], 0], [26.384722415238883, 9.255209466777886, [25.1020393957224, 27.667405434755366], 0], [46.364894513438074, 21.343353988636917, [43.40691092170799, 49.32287810516816], 0]], "SJF": [[3.033343219943412, 0.10589918627376993, [3.0186666112181784, 3.0480198286686453], 0], [3.2160199762819865, 0.11204591423688649, [3.2004914901776207, 3.2315484623863524], 0], [3.426690828069552, 0.14557725067865007, [3.4065152212241667, 3.446866434914937], 0], [3.6826950929970628, 0.2047335943145101, [3.654320985863729, 3.7110692001303964], 0], [3.9492516757297613, 0.21889629201084243, [3.9189147549063823, 3.9795885965531403], 0], [4.424831867217457, 0.3209543089144407, [4.380350686800854, 4.46931304763406], 0], [5.019829531470357, 0.4414164396091624, [4.958653458291842, 5.0810056046488725], 0], [5.840216954530249, 0.7382433831926589, [5.737903521723494, 5.942530387337005], 0], [7.440568578369752, 1.4713053999004984, [7.236659800318908, 7.6444773564205954], 0], [11.407055789028885, 4.533056560712252, [10.778817746680433, 12.035293831377336], 0]]}}