{
    "parameters": {
        "simulations": 50,
        "jobs": 2000,
        "mu": 0.95,
        "system_type": "MM1",
        "desc": "Simulation with multiple values for the load(rho)"
    },
    "xdata": [
        0.8,
        0.8200000000000001,
        0.8400000000000001,
        0.8600000000000001,
        0.8800000000000001,
        0.9000000000000001,
        0.9200000000000002,
        0.9400000000000002,
        0.9600000000000002,
        0.9800000000000002
    ],
    "ydata": {
        "FIFO": [
            [
                216.0567671615446,
                28.648748013092707,
                [
                    208.1158852747095,
                    223.99764904837969
                ]
            ],
            [
                193.36870957024777,
                33.90643728300737,
                [
                    183.97049735012928,
                    202.76692179036627
                ]
            ],
            [
                166.52232570574108,
                35.84351563177898,
                [
                    156.5871926272971,
                    176.45745878418506
                ]
            ],
            [
                155.59303438248662,
                37.45393309465328,
                [
                    145.21152455992325,
                    165.97454420505
                ]
            ],
            [
                131.7189994581662,
                34.104520408788886,
                [
                    122.26588240573577,
                    141.17211651059662
                ]
            ],
            [
                116.48572203069767,
                32.75432258586702,
                [
                    107.40685384355045,
                    125.5645902178449
                ]
            ],
            [
                100.95686788829404,
                31.952382305435776,
                [
                    92.10028212145676,
                    109.81345365513133
                ]
            ],
            [
                81.94175552815827,
                28.414088402579655,
                [
                    74.06591677164927,
                    89.81759428466727
                ]
            ],
            [
                59.622136038102525,
                26.544170044676157,
                [
                    52.264602682281556,
                    66.97966939392349
                ]
            ],
            [
                46.33245000684588,
                21.871229202192062,
                [
                    40.27016596793661,
                    52.39473404575515
                ]
            ]
        ],
        "SJF": [
            [
                54.80689407523686,
                11.163436240439074,
                [
                    51.7126042795352,
                    57.901183870938524
                ]
            ],
            [
                48.6189534838172,
                9.706661167318831,
                [
                    45.928453717126466,
                    51.309453250507936
                ]
            ],
            [
                43.936729570572915,
                9.706879275029838,
                [
                    41.24616934862002,
                    46.62728979252581
                ]
            ],
            [
                39.16150605041945,
                8.354888529341395,
                [
                    36.84569165745355,
                    41.477320443385345
                ]
            ],
            [
                31.52133846478002,
                8.00284525071882,
                [
                    29.303103697050044,
                    33.73957323250999
                ]
            ],
            [
                26.95335128232317,
                7.5270234352074725,
                [
                    24.867005169358432,
                    29.039697395287906
                ]
            ],
            [
                22.833873639348813,
                7.352585077041975,
                [
                    20.795878483923044,
                    24.87186879477458
                ]
            ],
            [
                19.35647283263663,
                7.1523901765823465,
                [
                    17.37396785284332,
                    21.33897781242994
                ]
            ],
            [
                14.324087400329613,
                4.599244887608186,
                [
                    13.049265184558235,
                    15.598909616100991
                ]
            ],
            [
                13.23395451089625,
                5.711055603462706,
                [
                    11.650959750513726,
                    14.816949271278775
                ]
            ]
        ]
    }
}