{"parameters": {"simulations": 200, "jobs": 20000, "mu": 0.95, "system_type": "MM1", "desc": "Simulation with multiple values for the load(rho)"}, "xdata": [0.8, 0.81, 0.8200000000000001, 0.8300000000000001, 0.8400000000000001, 0.8500000000000001, 0.8600000000000001, 0.8700000000000001, 0.8800000000000001, 0.8900000000000001, 0.9000000000000001, 0.9100000000000001, 0.9200000000000002, 0.9300000000000002, 0.9400000000000002, 0.9500000000000002, 0.9600000000000002, 0.9700000000000002, 0.9800000000000002, 0.9900000000000002], "ydata": {"FIFO": [[4.173466935504857, 0.2884266193798209, [4.133493780020583, 4.213440090989131], 0], [4.441664856059618, 0.3555934139158127, [4.39238302883367, 4.490946683285566], 0], [4.757596199744235, 0.4089526661151135, [4.700919293349542, 4.814273106138928], 0], [5.106515538291375, 0.4595116168735261, [5.042831647575563, 5.170199429007187], 0], [5.487850133482689, 0.5310460446155391, [5.414252259068844, 5.561448007896534], 0], [5.940972305055891, 0.6138078228107084, [5.85590444415098, 6.0260401659608025], 0], [6.457588267879494, 0.6915395677361202, [6.361747534718033, 6.553429001040955], 0], [7.042726666207252, 0.9129539947255285, [6.91620002293271, 7.169253309481794], 0], [7.819890570994338, 0.9999349017766731, [7.681309210547037, 7.958471931441639], 0], [8.520630203122836, 1.1081897352332015, [8.367045763906361, 8.674214642339312], 0], [9.464000477080129, 1.3971412181183014, [9.270370141345456, 9.657630812814801], 0], [10.323858295418534, 1.6349172284838969, [10.097274491473433, 10.550442099363634], 0], [11.677050814883774, 1.9068116726935953, [11.412785055933709, 11.94131657383384], 0], [13.651249494485455, 2.9428541631371736, [13.243398210565937, 14.059100778404973], 0], [16.142069455159074, 3.5041751017082197, [15.65642448769424, 16.62771442262391], 0], [19.85388112833548, 4.951534771986508, [19.16764603064583, 20.54011622602513], 0], [23.31007406485065, 8.213426222507694, [22.171772183571914, 24.448375946129385], 0], [32.301632613616135, 12.799560738438213, [30.527736595876384, 34.07552863135589], 0], [48.91391012843847, 22.980819392245845, [45.72898958019819, 52.098830676678745], 0], [65.02214936298286, 38.272340184536716, [59.71797110012673, 70.32632762583899], 0]], "SJF": [[3.0322345232796577, 0.1053248753941902, [3.0176375085188614, 3.046831538040454], 0], [3.1232755243114774, 0.11212673124297168, [3.107735837747331, 3.1388152108756238], 0], [3.2387523687040063, 0.12410755449821091, [3.2215522552630307, 3.255952482144982], 0], [3.3080134533268972, 0.13703902948074675, [3.2890211618226437, 3.3270057448311507], 0], [3.4015317471967332, 0.14311975818693215, [3.381696725175606, 3.4213667692178604], 0], [3.5407986586561706, 0.15354451102020691, [3.51951886615309, 3.5620784511592514], 0], [3.689811071951595, 0.16179633126501128, [3.6673876565250025, 3.7122344873781876], 0], [3.814603206019658, 0.20343422304757466, [3.7864091792471344, 3.842797232792182], 0], [3.973075008163512, 0.22016157888682383, [3.9425627307481004, 4.003587285578923], 0], [4.220344133942728, 0.27918566117684096, [4.18165168638987, 4.259036581495586], 0], [4.446844736112095, 0.3281385117606924, [4.401367894275539, 4.492321577948651], 0], [4.684907055243364, 0.3848462240943318, [4.631571069867477, 4.73824304061925], 0], [5.018503514269673, 0.4656761691509614, [4.9539652758961905, 5.0830417526431555], 0], [5.391238998683427, 0.5719505990400559, [5.311972146428557, 5.470505850938297], 0], [5.85517321950503, 0.7012732915534357, [5.757983485837211, 5.952362953172849], 0], [6.524026734027075, 1.0213450289315538, [6.382478135869397, 6.665575332184752], 0], [7.56862335928565, 1.4407745548450779, [7.3689458627271, 7.7683008558442], 0], [9.063166641384163, 2.5192249399016, [8.71402629352349, 9.412306989244835], 0], [10.499410157660868, 2.755044831295494, [10.117587440866144, 10.881232874455593], 0], [15.083160893289573, 6.900622796264602, [14.126800940915805, 16.03952084566334], 0]]}}