Minimal Cost,Optimal Path,iterations,Computation Time,Dataset,Start Temperature,End Temperature,Markov Chain Length
422.88704938968306,"[ 8 49 15 28 20 33 29 38  9 48  4 37 10 31  0 21  1 19 34 35  2 27 30  7
 25  6 42 23 22 47  5 26 50 45 11 46 17  3 16 36 14 32 44 43 41 39 18 40
 12 24 13]",688,10.81483507156372,eil51,1000,1,1000
