Minimal Cost,Optimal Path,iterations,Computation Time,Dataset,Start Temperature,End Temperature,Markov Chain Length
433.33699175787876,"[ 4 37 10 11 45 50 26 31  0 21  1 15 49 33 29  8 48  9 38 32 44 14 36 16
 43 41 18 39 40 12  3 46 17 24 13  5 47 22 23 42  6 25  7 30 27  2 35 34
 19 28 20]",688,11.541095972061157,eil51,1000,1,1000
416.58237847164594,"[42  6 22 23 13 24 17 46 16 36  4 37 10 31 50 45 11  3 12 40 18 39 41 43
 14 44 32 38  9 48  8 15  1 21  0 26  5 47  7 25 30 27  2 35 34 19 28 20
 49 33 29]",688,11.45127820968628,eil51,1000,1,1000
424.225321133911,"[50 45 11 46  3 17 12 40 39 18 41 43 16 36 14 44 32 38  9 29 33 20 28 19
 34 35  2 27 30 25  7 47 22  6 42 23 24 13  5 26 31  0 21  1 15 49  8 48
  4 37 10]",688,12.237016916275024,eil51,1000,1,1000
